<wpml-config>
	<custom-types>
		<custom-type translate="1">just_events</custom-type>
	</custom-types>
	<custom-fields>
		<custom-field action="copy">_just_events_start_date</custom-field>
		<custom-field action="copy">_just_events_end_date</custom-field>
		<custom-field action="copy">_just_events_link</custom-field>
		<custom-field action="copy">_just_events_all_day</custom-field>
	</custom-fields>
	<admin-texts>
		<key name="just_events">
			<key name="link_text" />
		</key>
	</admin-texts>
</wpml-config>